"punto","sistema","representacion","rol","funcion","naturaleza","fuente_programatica","observacion"
"loss","S_apr","trayectoria$loss","medida de error","orientar el ajuste del modelo","señal de aprendizaje","ajuste_demo$trayectoria$loss","La pérdida registra la tensión de ajuste durante el entrenamiento."
"loss","S_ctrl","reducción de pérdida","criterio de control","evaluar mejora y posible ajuste","señal diagnóstica","ajuste_demo$metricas$reduccion_rel","La reducción de pérdida puede orientar decisiones de control."
"loss","S_learned","resumen de trayectoria","componente dinámico aprendido","caracterizar estabilidad del aprendizaje","evidencia dinámica","ajuste_demo$trayectoria","La trayectoria de pérdida permite interpretar estabilidad o régimen."
"grad_norm","S_apr","trayectoria$grad_norm","magnitud del gradiente","representar presión de ajuste","señal diferencial del aprendizaje","ajuste_demo$trayectoria$grad_norm","La norma del gradiente resume la intensidad de cambio durante el aprendizaje."
"grad_norm","S_ctrl","nivel de presión dinámica","indicador de estabilidad o inestabilidad","apoyar decisiones de ajuste de tasa o control","señal de control potencial","ajuste_demo$trayectoria$grad_norm","Valores altos o persistentes pueden interpretarse como presión de ajuste."
"grad_norm","S_learned","patrón de presión de aprendizaje","componente dinámico aprendido","caracterizar intensidad y estabilización del aprendizaje","evidencia de dinámica interna","ajuste_demo$trayectoria","La trayectoria de grad_norm puede contribuir a identificar regímenes."
"eta","S_apr","trayectoria$eta","tasa de aprendizaje","regular la magnitud de actualización","parámetro operativo","ajuste_demo$trayectoria$eta","Eta regula la intensidad de actualización durante el entrenamiento."
"eta","S_ctrl","secuencia de eta","variable de control","ajustar la dinámica de aprendizaje","componente de control adaptativo","ajuste_demo$trayectoria$eta","Cambios en eta pueden interpretarse como acciones de control."
"eta","S_learned","patrón de política de tasa","evidencia de estrategia adaptativa","caracterizar una política de aprendizaje","evidencia meta-dinámica","ajuste_demo$trayectoria","La secuencia de eta puede leerse como política o patrón adaptativo."
